incident_id,date,country,customer_type,tracking_number,carrier,category,description,status,customer_email,satisfaction_score
TRF-000001,2026-01-01,US,B2B,SAMPLE000001,UPS,LOST_PARCEL,Synthetic incident fixture,OPEN,customer-001@example.com,
TRF-000002,2026-01-02,US,B2C,SAMPLE000002,UPS,LOST_PARCEL,Synthetic incident fixture,OPEN,customer-002@example.com,
TRF-000003,2026-01-03,US,B2B,SAMPLE000003,UPS,LOST_PARCEL,Synthetic incident fixture,OPEN,customer-003@example.com,
TRF-000004,2026-01-04,US,B2C,SAMPLE000004,UPS,LOST_PARCEL,Synthetic incident fixture,OPEN,customer-004@example.com,
TRF-000005,2026-01-05,US,B2B,SAMPLE000005,UPS,LOST_PARCEL,Synthetic incident fixture,OPEN,customer-005@example.com,
TRF-000006,2026-01-06,US,B2C,SAMPLE000006,UPS,LOST_PARCEL,Synthetic incident fixture,OPEN,customer-006@example.com,
TRF-000007,2026-01-07,US,B2B,SAMPLE000007,UPS,LOST_PARCEL,Synthetic incident fixture,OPEN,customer-007@example.com,
TRF-000008,2026-01-08,US,B2C,SAMPLE000008,UPS,LOST_PARCEL,Synthetic incident fixture,OPEN,customer-008@example.com,
TRF-000009,2026-01-09,US,B2B,SAMPLE000009,UPS,LOST_PARCEL,Synthetic incident fixture,OPEN,customer-009@example.com,
TRF-000010,2026-01-10,US,B2C,SAMPLE000010,UPS,LOST_PARCEL,Synthetic incident fixture,OPEN,customer-010@example.com,
TRF-000011,2026-01-11,US,B2B,SAMPLE000011,UPS,LOST_PARCEL,Synthetic incident fixture,OPEN,customer-011@example.com,
TRF-000012,2026-01-12,US,B2C,SAMPLE000012,UPS,LOST_PARCEL,Synthetic incident fixture,OPEN,customer-012@example.com,
TRF-000013,2026-01-13,US,B2B,SAMPLE000013,UPS,LOST_PARCEL,Synthetic incident fixture,OPEN,customer-013@example.com,
TRF-000014,2026-01-14,US,B2C,SAMPLE000014,UPS,LOST_PARCEL,Synthetic incident fixture,OPEN,customer-014@example.com,
TRF-000015,2026-01-15,US,B2B,SAMPLE000015,UPS,DELAYED_DELIVERY,Synthetic incident fixture,OPEN,customer-015@example.com,
TRF-000016,2026-01-16,US,B2C,SAMPLE000016,UPS,DELAYED_DELIVERY,Synthetic incident fixture,OPEN,customer-016@example.com,
TRF-000017,2026-01-17,US,B2B,SAMPLE000017,UPS,DELAYED_DELIVERY,Synthetic incident fixture,OPEN,customer-017@example.com,
TRF-000018,2026-01-18,US,B2C,SAMPLE000018,UPS,DELAYED_DELIVERY,Synthetic incident fixture,OPEN,customer-018@example.com,
TRF-000019,2026-01-19,US,B2B,SAMPLE000019,UPS,DELAYED_DELIVERY,Synthetic incident fixture,OPEN,customer-019@example.com,
TRF-000020,2026-01-20,US,B2C,SAMPLE000020,UPS,DELAYED_DELIVERY,Synthetic incident fixture,OPEN,customer-020@example.com,
TRF-000021,2026-01-21,US,B2B,SAMPLE000021,UPS,DELAYED_DELIVERY,Synthetic incident fixture,OPEN,customer-021@example.com,
TRF-000022,2026-01-22,US,B2C,SAMPLE000022,UPS,DELAYED_DELIVERY,Synthetic incident fixture,OPEN,customer-022@example.com,
TRF-000023,2026-01-23,US,B2B,SAMPLE000023,UPS,DELAYED_DELIVERY,Synthetic incident fixture,OPEN,customer-023@example.com,
TRF-000024,2026-01-24,US,B2C,SAMPLE000024,UPS,DELAYED_DELIVERY,Synthetic incident fixture,OPEN,customer-024@example.com,
TRF-000025,2026-01-25,US,B2B,SAMPLE000025,UPS,DELAYED_DELIVERY,Synthetic incident fixture,OPEN,customer-025@example.com,
TRF-000026,2026-01-26,US,B2C,SAMPLE000026,UPS,DELAYED_DELIVERY,Synthetic incident fixture,OPEN,customer-026@example.com,
TRF-000027,2026-01-27,US,B2B,SAMPLE000027,UPS,DELAYED_DELIVERY,Synthetic incident fixture,OPEN,customer-027@example.com,
TRF-000028,2026-01-28,US,B2C,SAMPLE000028,UPS,DELAYED_DELIVERY,Synthetic incident fixture,OPEN,customer-028@example.com,
TRF-000029,2026-01-29,US,B2B,SAMPLE000029,UPS,DELAYED_DELIVERY,Synthetic incident fixture,OPEN,customer-029@example.com,
TRF-000030,2026-01-30,US,B2C,SAMPLE000030,UPS,DELAYED_DELIVERY,Synthetic incident fixture,CLOSED,customer-030@example.com,1
TRF-000031,2026-01-31,US,B2B,SAMPLE000031,UPS,DELAYED_DELIVERY,Synthetic incident fixture,CLOSED,customer-031@example.com,1
TRF-000032,2026-02-01,US,B2C,SAMPLE000032,UPS,DELAYED_DELIVERY,Synthetic incident fixture,CLOSED,customer-032@example.com,1
TRF-000033,2026-02-02,US,B2B,SAMPLE000033,UPS,DELAYED_DELIVERY,Synthetic incident fixture,CLOSED,customer-033@example.com,1
TRF-000034,2026-02-03,US,B2C,SAMPLE000034,UPS,DELAYED_DELIVERY,Synthetic incident fixture,CLOSED,customer-034@example.com,1
TRF-000035,2026-02-04,US,B2B,SAMPLE000035,UPS,DELAYED_DELIVERY,Synthetic incident fixture,CLOSED,customer-035@example.com,1
TRF-000036,2026-02-05,US,B2C,SAMPLE000036,UPS,DELAYED_DELIVERY,Synthetic incident fixture,CLOSED,customer-036@example.com,2
TRF-000037,2026-02-06,US,B2B,SAMPLE000037,UPS,DELAYED_DELIVERY,Synthetic incident fixture,CLOSED,customer-037@example.com,2
TRF-000038,2026-02-07,US,B2C,SAMPLE000038,UPS,DELAYED_DELIVERY,Synthetic incident fixture,CLOSED,customer-038@example.com,2
TRF-000039,2026-02-08,US,B2B,SAMPLE000039,UPS,DELAYED_DELIVERY,Synthetic incident fixture,CLOSED,customer-039@example.com,2
TRF-000040,2026-02-09,US,B2C,SAMPLE000040,UPS,DELAYED_DELIVERY,Synthetic incident fixture,CLOSED,customer-040@example.com,2
TRF-000041,2026-02-10,US,B2B,SAMPLE000041,UPS,DELAYED_DELIVERY,Synthetic incident fixture,CLOSED,customer-041@example.com,2
TRF-000042,2026-02-11,US,B2C,SAMPLE000042,UPS,DELAYED_DELIVERY,Synthetic incident fixture,CLOSED,customer-042@example.com,2
TRF-000043,2026-02-12,US,B2B,SAMPLE000043,UPS,DELAYED_DELIVERY,Synthetic incident fixture,CLOSED,customer-043@example.com,2
TRF-000044,2026-02-13,US,B2C,SAMPLE000044,UPS,DELAYED_DELIVERY,Synthetic incident fixture,CLOSED,customer-044@example.com,2
TRF-000045,2026-02-14,US,B2B,SAMPLE000045,UPS,DELAYED_DELIVERY,Synthetic incident fixture,CLOSED,customer-045@example.com,2
TRF-000046,2026-02-15,US,B2C,SAMPLE000046,UPS,DELAYED_DELIVERY,Synthetic incident fixture,CLOSED,customer-046@example.com,2
TRF-000047,2026-02-16,US,B2B,SAMPLE000047,UPS,DELAYED_DELIVERY,Synthetic incident fixture,CLOSED,customer-047@example.com,3
TRF-000048,2026-02-17,US,B2C,SAMPLE000048,UPS,DELAYED_DELIVERY,Synthetic incident fixture,CLOSED,customer-048@example.com,3
TRF-000049,2026-02-18,US,B2B,SAMPLE000049,UPS,DELAYED_DELIVERY,Synthetic incident fixture,CLOSED,customer-049@example.com,3
TRF-000050,2026-02-19,US,B2C,SAMPLE000050,UPS,DELAYED_DELIVERY,Synthetic incident fixture,CLOSED,customer-050@example.com,3
TRF-000051,2026-02-20,ES,B2B,SAMPLE000051,SEUR,DELAYED_DELIVERY,Synthetic incident fixture,CLOSED,customer-051@example.com,3
TRF-000052,2026-02-21,ES,B2C,SAMPLE000052,SEUR,DELAYED_DELIVERY,Synthetic incident fixture,CLOSED,customer-052@example.com,3
TRF-000053,2026-02-22,ES,B2B,SAMPLE000053,SEUR,WRONG_ADDRESS,Synthetic incident fixture,CLOSED,customer-053@example.com,3
TRF-000054,2026-02-23,ES,B2C,SAMPLE000054,SEUR,WRONG_ADDRESS,Synthetic incident fixture,CLOSED,customer-054@example.com,3
TRF-000055,2026-02-24,ES,B2B,SAMPLE000055,SEUR,WRONG_ADDRESS,Synthetic incident fixture,CLOSED,customer-055@example.com,3
TRF-000056,2026-02-25,ES,B2C,SAMPLE000056,SEUR,WRONG_ADDRESS,Synthetic incident fixture,CLOSED,customer-056@example.com,3
TRF-000057,2026-02-26,ES,B2B,SAMPLE000057,SEUR,WRONG_ADDRESS,Synthetic incident fixture,CLOSED,customer-057@example.com,3
TRF-000058,2026-02-27,ES,B2C,SAMPLE000058,SEUR,WRONG_ADDRESS,Synthetic incident fixture,CLOSED,customer-058@example.com,3
TRF-000059,2026-02-28,ES,B2B,SAMPLE000059,SEUR,WRONG_ADDRESS,Synthetic incident fixture,CLOSED,customer-059@example.com,3
TRF-000060,2026-03-01,ES,B2C,SAMPLE000060,SEUR,WRONG_ADDRESS,Synthetic incident fixture,CLOSED,customer-060@example.com,3
TRF-000061,2026-03-02,ES,B2B,SAMPLE000061,SEUR,WRONG_ADDRESS,Synthetic incident fixture,CLOSED,customer-061@example.com,3
TRF-000062,2026-03-03,ES,B2C,SAMPLE000062,SEUR,WRONG_ADDRESS,Synthetic incident fixture,CLOSED,customer-062@example.com,4
TRF-000063,2026-03-04,ES,B2B,SAMPLE000063,SEUR,WRONG_ADDRESS,Synthetic incident fixture,CLOSED,customer-063@example.com,4
TRF-000064,2026-03-05,ES,B2C,SAMPLE000064,SEUR,WRONG_ADDRESS,Synthetic incident fixture,CLOSED,customer-064@example.com,4
TRF-000065,2026-03-06,ES,B2B,SAMPLE000065,SEUR,WRONG_ADDRESS,Synthetic incident fixture,CLOSED,customer-065@example.com,4
TRF-000066,2026-03-07,ES,B2C,SAMPLE000066,SEUR,WRONG_ADDRESS,Synthetic incident fixture,CLOSED,customer-066@example.com,4
TRF-000067,2026-03-08,ES,B2B,SAMPLE000067,SEUR,WRONG_ADDRESS,Synthetic incident fixture,CLOSED,customer-067@example.com,4
TRF-000068,2026-03-09,ES,B2C,SAMPLE000068,SEUR,WRONG_ADDRESS,Synthetic incident fixture,CLOSED,customer-068@example.com,4
TRF-000069,2026-03-10,ES,B2B,SAMPLE000069,SEUR,WRONG_ADDRESS,Synthetic incident fixture,CLOSED,customer-069@example.com,4
TRF-000070,2026-03-11,ES,B2C,SAMPLE000070,SEUR,WRONG_ADDRESS,Synthetic incident fixture,CLOSED,customer-070@example.com,4
TRF-000071,2026-03-12,ES,B2B,SAMPLE000071,SEUR,WRONG_ADDRESS,Synthetic incident fixture,CLOSED,customer-071@example.com,4
TRF-000072,2026-03-13,ES,B2C,SAMPLE000072,SEUR,RETURN_REQUEST,Synthetic incident fixture,CLOSED,customer-072@example.com,4
TRF-000073,2026-03-14,ES,B2B,SAMPLE000073,SEUR,RETURN_REQUEST,Synthetic incident fixture,CLOSED,customer-073@example.com,4
TRF-000074,2026-03-15,ES,B2C,SAMPLE000074,SEUR,RETURN_REQUEST,Synthetic incident fixture,CLOSED,customer-074@example.com,4
TRF-000075,2026-03-16,ES,B2B,SAMPLE000075,SEUR,RETURN_REQUEST,Synthetic incident fixture,CLOSED,customer-075@example.com,4
TRF-000076,2026-03-17,ES,B2C,SAMPLE000076,SEUR,RETURN_REQUEST,Synthetic incident fixture,CLOSED,customer-076@example.com,5
TRF-000077,2026-03-18,ES,B2B,SAMPLE000077,SEUR,RETURN_REQUEST,Synthetic incident fixture,CLOSED,customer-077@example.com,5
TRF-000078,2026-03-19,ES,B2C,SAMPLE000078,SEUR,RETURN_REQUEST,Synthetic incident fixture,CLOSED,customer-078@example.com,5
TRF-000079,2026-03-20,ES,B2B,SAMPLE000079,SEUR,RETURN_REQUEST,Synthetic incident fixture,CLOSED,customer-079@example.com,5
TRF-000080,2026-03-21,ES,B2C,SAMPLE000080,SEUR,RETURN_REQUEST,Synthetic incident fixture,CLOSED,customer-080@example.com,5
TRF-000081,2026-03-22,ES,B2B,SAMPLE000081,SEUR,RETURN_REQUEST,Synthetic incident fixture,CLOSED,customer-081@example.com,5
TRF-000082,2026-03-23,ES,B2C,SAMPLE000082,SEUR,RETURN_REQUEST,Synthetic incident fixture,DISCARDED,customer-082@example.com,
TRF-000083,2026-03-24,ES,B2B,SAMPLE000083,SEUR,RETURN_REQUEST,Synthetic incident fixture,DISCARDED,customer-083@example.com,
TRF-000084,2026-03-25,ES,B2C,SAMPLE000084,SEUR,RETURN_REQUEST,Synthetic incident fixture,DISCARDED,customer-084@example.com,
TRF-000085,2026-03-26,ES,B2B,SAMPLE000085,SEUR,RETURN_REQUEST,Synthetic incident fixture,DISCARDED,customer-085@example.com,
TRF-000086,2026-03-27,ES,B2C,SAMPLE000086,SEUR,RETURN_REQUEST,Synthetic incident fixture,DISCARDED,customer-086@example.com,
TRF-000087,2026-03-28,ES,B2B,SAMPLE000087,SEUR,RETURN_REQUEST,Synthetic incident fixture,DISCARDED,customer-087@example.com,
TRF-000088,2026-03-29,ES,B2C,SAMPLE000088,SEUR,RETURN_REQUEST,Synthetic incident fixture,DISCARDED,customer-088@example.com,
TRF-000089,2026-03-30,ES,B2B,SAMPLE000089,SEUR,DAMAGE,Synthetic incident fixture,DISCARDED,customer-089@example.com,
TRF-000090,2026-03-31,ES,B2C,SAMPLE000090,SEUR,DAMAGE,Synthetic incident fixture,DISCARDED,customer-090@example.com,
TRF-000091,2026-04-01,ES,B2B,SAMPLE000091,SEUR,DAMAGE,Synthetic incident fixture,DISCARDED,customer-091@example.com,
TRF-000092,2026-04-02,ES,B2C,SAMPLE000092,SEUR,DAMAGE,Synthetic incident fixture,DISCARDED,customer-092@example.com,
TRF-000093,2026-04-03,ES,B2B,SAMPLE000093,SEUR,DAMAGE,Synthetic incident fixture,DISCARDED,customer-093@example.com,
TRF-000094,2026-04-04,ES,B2C,SAMPLE000094,SEUR,DAMAGE,Synthetic incident fixture,DISCARDED,customer-094@example.com,
TRF-000095,2026-04-05,ES,B2B,SAMPLE000095,SEUR,DAMAGE,Synthetic incident fixture,DISCARDED,customer-095@example.com,
TRF-000096,2026-04-06,US,B2B,bad,UPS,DAMAGE,Synthetic incident fixture,OPEN,invalid-096@example.com,
TRF-000097,2026-04-07,US,B2C,SAMPLE000097,SEUR,DAMAGE,Synthetic incident fixture,OPEN,customer-097@example.com,
TRF-000098,2026-04-08,US,B2B,SAMPLE000098,UPS,UNKNOWN,Synthetic incident fixture,OPEN,customer-098@example.com,
TRF-000099,2026-04-09,US,B2C,SAMPLE000099,UPS,DAMAGE,Synthetic incident fixture,OPEN,not-an-email,
TRF-000100,2026-04-10,US,B2B,SAMPLE000100,UPS,DAMAGE,Synthetic incident fixture,CLOSED,customer-100@example.com,
